weight,saddle,pf_minus,pf_plus,p_plus,entropy
0.0,24.543283964201166,1.1646534190739311e11,3.601866532987727e8,0.0030831159741909714,0
