weight,saddle,pf_minus,pf_plus,p_plus,entropy
0.0,61.193981459254545,4.3252974814128455e27,3.239983124176436e25,0.007435080712851789,0
