β,sre,pf_minus_α,pf_plus_α,pf_minus_1,pf_plus_1
20.0,0.10569443107207044,74.90571698417077,0.054629206994985205,7.000503117296032,2.1552187553032494
21.0,0.14082905254097877,89.41698622700233,0.11331668371190852,7.525386006589724,2.3729219628747553
22.0,0.18352441233320893,106.99437363391093,0.2012461140539033,8.100306173244993,2.6036097083710934
23.0,0.22668479680196363,127.82555672171209,0.3141602949854098,8.719348166181668,2.852198355135563
24.0,0.26153517919778047,151.84788196400527,0.43341664581044786,9.388699093394367,3.1216949344496268
25.0,0.4080380338423433,189.55325650294645,0.8855175171969639,10.109817738401215,3.412116485907893
26.0,0.34343353003501287,214.4506828975584,0.7986312998220885,10.886195790100977,3.724521681310358
27.0,0.4950649933439495,266.08444352239,1.4338239770060257,11.728760983909382,4.065017336627394
28.0,0.3561736394386723,289.0597162894408,1.032745945217258,12.62852150474395,4.425561852256403
