weight,saddle,pf_minus,pf_plus,p_plus,entropy
0.0,2.0883641931779158,4.515847882780557,3.123363345881877e-8,6.9164493697607325e-9,0
0.02,1.8643572033236655,4.50910414869136,0.005214989091333576,0.0011552105494019261,0.14144054254182067
