weight,saddle,pf_minus,pf_plus,p_plus,entropy
0.0,2.014379164555091,4.0804010122521905,7.875752316072067e-10,1.930141741192464e-10,0
0.02,1.739393003089248,4.0793753656484615,0.0008053510596732972,0.00019738122293834316,0.14144054254182067
0.04,1.50441434001187,4.078334542867427,0.0016098141917436546,0.00039456768300242476,0.24229218908241482
