weight,saddle,pf_minus,pf_plus,p_plus,entropy
0.0,1.6183373294611765,6.264047424406535,5.132988371144098e-7,8.194363169296562e-8,0
