weight,saddle,pf_minus,pf_plus,p_plus,entropy
0.0,6.421396771508175,646.8998835606023,0.01554088567318207,2.4023056316031147e-5,0
