weight,saddle,pf_minus,pf_plus,p_plus,entropy
0.0,1.4475437524836172,4.515847882780557,3.123363345881877e-8,6.9164493697607325e-9,0.0
0.02,1.2922739390404234,4.50910414869136,0.005214989091333576,0.0011552105494019261,0.098039113279732
