weight,saddle,pf_minus,pf_plus,p_plus,entropy
0.0,2.177071969565562,16.95254390353565,1.0220656061156807e-5,6.028977100607914e-7,0
