weight,saddle,pf_minus,pf_plus,p_plus,entropy
0.0,8.589820680338033,356128.5743358136,211.52573203237088,0.0005936063103537803,0
