weight,saddle,pf_minus,pf_plus,p_plus,entropy
0.0,4.450973067427627,646.8998835606023,0.01554088567318207,2.4023056316031147e-5,0
