weight,saddle,pf_minus,pf_plus,p_plus,entropy
0.0,1.3962612384900592,4.0804010122521905,7.875752316072067e-10,1.930141741192464e-10,0.0
0.02,1.2056553559770085,4.0793753656484615,0.0008053510596732972,0.00019738122293834316,0.098039113279732
0.04,1.0427805581731786,4.078334542867427,0.0016098141917436546,0.00039456768300242476,0.167944147734173
