L,det_minus,det_plus
100,4.2235359254264715,0.3672571813823329
200,4.223553341077915,0.3672567848533326
300,4.223562912373762,0.3672571562378682
400,4.2235661524471375,0.3672574089732381
500,4.223568376238032,0.36725758890385957
600,4.223569975287387,0.36725772064414486
700,4.2235711745251425,0.3672578205171171
800,4.223577239819345,0.3672579625324541
900,4.223577991065591,0.3672580258867127
1000,4.2235786037006635,0.36725807774869396
