beta,log_purity,w_crit,log_Z
0.5,0.31918732504912156,0.05214262530432445,0.3618859381337824
1.0,0.26489963661820365,0.14327225841654853,0.4045843385438078
1.5,0.21448654687222896,0.21836720594409825,0.46762613211583626
