β,sre,pf_minus_α,pf_plus_α,pf_minus_1,pf_plus_1
0.1,0.00022457963562283467,4.0049994806864495,6.9308592945388034e-71,2.0012471517243573,0.0012453402976819626
