β,weight,weight_lower,weight_upper
5.0,0.00750732421875,0.0074462890625,0.007568359375
10.0,0.02545166015625,0.025390625,0.0255126953125
