β,weight,weight_lower,weight_upper
0.1,9.765625e-6,0.0,1.953125e-5
0.2,9.765625e-6,0.0,1.953125e-5
0.3,9.765625e-6,0.0,1.953125e-5
0.4,9.765625e-6,0.0,1.953125e-5
0.5,9.765625e-6,0.0,1.953125e-5
0.6,9.765625e-6,0.0,1.953125e-5
0.7,9.765625e-6,0.0,1.953125e-5
0.8,9.765625e-6,0.0,1.953125e-5
0.9,9.765625e-6,0.0,1.953125e-5
1.0,9.765625e-6,0.0,1.953125e-5
1.1,9.765625e-6,0.0,1.953125e-5
