weight,log_swap,pf_minus,pf_plus
0.0,NaN,1.2522209390399885e9,4.365952006669629e6
